id,first_name,last_name,email,gender,ip_address
1,Mavra,Malec,mmalec0@usa.gov,Female,229.215.245.102
2,Fan,Gilvear,fgilvear1@people.com.cn,Female,125.219.253.132
3,Gerri,Choffin,gchoffin2@ning.com,,9.254.198.50
4,Tremayne,Loosemore,tloosemore3@cnn.com,Male,167.249.115.222
5,Benoite,,bjaffray4@github.com,Female,148.75.193.241
6,Clint,Oliphard,coliphard5@ft.com,Genderfluid,39.69.123.72
7,Else,Mc Dermid,emcdermid6@plala.or.jp,Female,72.200.10.99
8,Andrea,McKeran,amckeran7@example.com,Male,162.147.68.15
9,Marnia,De Roberto,mderoberto8@mac.com,Female,99.28.96.140
10,Alia,Ganning,aganning9@nba.com,,69.178.172.124
